References,DOIS,Iteration,Status
"P. Wilmott, ""You can't have one without the other"", , 2003.",https://doi.org/10.1002/wilm.42820030602,1.0,Abstract not found
"T. Valente, ""Diffusion of innovations"", Genetics in Medicine, 2003.",https://doi.org/10.1097/00125817-200303000-00003,1.0,BIB not found
"Gerald Ebner, H. Kaindl, ""Tracing All Around in Reengineering"", IEEE Softw., 2002.",https://doi.org/10.1109/MS.2002.1003459,1.0,Extraction successful
"B. Farbey, A. Finkelstein, ""Software acquisition: a business strategy analysis"", Proceedings Fifth IEEE International Symposium on Requirements Engineering, 2001.",https://doi.org/10.1109/ISRE.2001.948546,1.0,Extraction successful
"B. Ramesh, M. Jarke, ""Toward Reference Models of Requirements Traceability"", IEEE Trans. Software Eng., 2001.",https://doi.org/10.1109/32.895989,1.0,Extraction successful
"H. Kaindl, ""A design process based on a model combining scenarios with goals and functions"", IEEE Trans. Syst. Man Cybern. Part A, 2000.",https://doi.org/10.1109/3468.867861,1.0,Extraction successful
"Lisa Brownsword, P. Oberndorf, C. Sledge, ""Developing New Processes for COTS-Based Systems"", IEEE Softw., 2000.",https://doi.org/10.1109/52.854068,1.0,Extraction successful
"H. Kaindl, ""Why is it so difficult to introduce requirements engineering research results into mainstream requirements engineering practice?"", Proceedings Fourth International Conference on Requirements Engineering. ICRE 2000. (Cat. No.98TB100219), 2000.",https://doi.org/10.1109/ICRE.2000.855588,1.0,Extraction successful
"N. Mead, ""Why is it so difficult to introduce requirements engineering research results into mainstream requirements engineering practice?"", Proceedings Fourth International Conference on Requirements Engineering. ICRE 2000. (Cat. No.98TB100219), 2000.",https://doi.org/10.1109/ICRE.2000.855592,1.0,Extraction successful
"J. Kirby, M. Archer, C. Heitmeyer, ""SCR: a practical approach to building a high assurance COMSEC system"", Proceedings 15th Annual Computer Security Applications Conference (ACSAC'99), 1999.",https://doi.org/10.1109/CSAC.1999.816018,1.0,Extraction successful
"H. Kaindl, ""Difficulties in the Transition from OO Analysis to Design"", IEEE Softw., 1999.",https://doi.org/10.1109/52.795107,1.0,Extraction successful
"C. Heitmeyer, J. Kirby, B. Labaw, M. Archer, R. Bharadwaj, ""Using Abstraction and Model Checking to Detect Safety Violations in Requirements Specifications"", IEEE Trans. Software Eng., 1998.",https://doi.org/10.1109/32.730543,1.0,Extraction successful
"P. Fowler, Anita D. Carleton, B. Merrin, ""Transition packages: an experiment in expediting the introduction of requirements management"", Proceedings of IEEE International Symposium on Requirements Engineering: RE '98, 1998.",https://doi.org/10.1109/ICRE.1998.667819,1.0,Extraction successful
"P. Morris, M. Masera, M. Wilikens, ""Requirements engineering and industrial uptake"", Proceedings of IEEE International Symposium on Requirements Engineering: RE '98, 1998.",https://doi.org/10.1007/BF02919966,1.0,Extraction successful
"M. Jarke, T. Bui, John Millar Carroll, ""Scenario Management: An Interdisciplinary Approach"", Requirements Engineering, 1998.",https://doi.org/10.1007/s007660050002,1.0,Extraction successful
"R. G. Fichman, C. Kemerer, ""The assimilation of software process innovations: an organizational learning perspective"", , 1997.",https://doi.org/10.1287/MNSC.43.10.1345,1.0,Extraction successful
"J. Siddiqi, I. Morrey, C. Roast, M. B. Özcan, ""Towards quality requirements via animated formal specifications"", Ann. Softw. Eng., 1997.",https://doi.org/10.1023/A:1018977602872,1.0,Extraction successful
"H. Kaindl, ""A practical approach to combining requirements definition and object‐oriented analysis"", Ann. Softw. Eng., 1997.",https://doi.org/10.1023/A:1018954425162,1.0,Extraction successful
"E. Yu, ""Towards modelling and reasoning support for early-phase requirements engineering"", Proceedings of ISRE '97: 3rd IEEE International Symposium on Requirements Engineering, 1997.",https://doi.org/10.1109/ISRE.1997.566873,1.0,Extraction successful
"Julio Cesar Sampaio do Prado Leite, G. Rossi, F. Balaguer, Vanesa Maiorana, G. Kaplan, G. D. S. Hadad, Alejandro Oliveros, ""Enhancing a requirements baseline with scenarios"", Proceedings of ISRE '97: 3rd IEEE International Symposium on Requirements Engineering, 1997.",https://doi.org/10.1007/BF02745371,1.0,Extraction successful
"P. Fowler, Mac Patrick, ""Experience using a benchmarking workshop to explore one route to practical technology introduction"", , 1997.",https://doi.org/10.1007/978-0-387-35092-9_19,1.0,Extraction successful
"Steve Miller, ""How Can Requirements Engineering Research Become Requirements Engineering Practice?"", RE, 1997.",https://doi.org/10.1109/RE.1997.10001,1.0,BIB not found
"C. Heitmeyer, R. Jeffords, B. Labaw, ""Automated consistency checking of requirements specifications"", TSEM, 1996.",https://doi.org/10.1145/234426.234431,1.0,Extraction successful
"J. Siddiqi, M. C. Shekaran, ""Requirements Engineering: The Emerging Wisdom"", IEEE Softw., 1996.",https://doi.org/10.1109/MS.1996.506458,1.0,Extraction successful
"K. Emam, N. Madhavji, ""A field study of requirements engineering practices in information systems development"", Proceedings of 1995 IEEE International Symposium on Requirements Engineering (RE'95), 1995.",https://doi.org/10.1109/ISRE.1995.512547,1.0,Extraction successful
"Konrad Hilbers, ""Knowledge and Value: A New Perspective on Corporate Transformation"", , 1995.",https://doi.org/10.1016/0024-6301(94)90262-3,1.0,Abstract not found
"N. Leveson, M. Heimdahl, H. Hildreth, J. Reese, ""Requirements Specification for Process-Control Systems"", IEEE Trans. Software Eng., 1994.",https://doi.org/10.1109/32.317428,1.0,Extraction successful
"P. Hsia, A. Davis, D. Kung, ""Status report: requirements engineering"", IEEE Software, 1993.",https://doi.org/10.1109/52.241974,1.0,Extraction successful
"K. Madders, ""EUROPEAN SPACE AGENCY"", , 1983.",https://doi.org/10.1016/B978-0-444-86237-2.50064-0,1.0,Extraction successful
"Barbara L. Marcolin, ""Special Issue on Adoption, Diffusion and Infusion of IT"", , 2001.",No doi,1.0,DOI not found
"B. Boehm, W. J. Hansen, ""The Spiral Model as a Tool for Evolutionary Acquisition"", , 2001.",No doi,1.0,DOI not found
"M. Jackson, ""Problem Frames - Analysing and Structuring Software Development Problems"", , 2000.",No doi,1.0,DOI not found
"J. Thompson, M. Heimdahl, D. Erickson, ""Structuring Formal Control Systems Specifications for Reuse: Surviving Hardware Changes"", , 2000.",No doi,1.0,DOI not found
"Francisco A. C. Pinheiro, ""Formal and Informal Aspects of Requirements Tracing"", WER, 2000.",No doi,1.0,DOI not found
"J. Rumbaugh, I. Jacobson, G. Booch, ""The unified modeling language reference manual"", , 2010.",No doi,1.0,DOI not found
"G. Kotonya, P. Sawyer, ""Software Requirements Engineering"", , 1999.",No doi,1.0,DOI not found
"Telecommunications Board, ""Funding a Revolution: Government Support for Computing Research"", , 1999.",No doi,1.0,DOI not found
"I. Jacobson, G. Booch, J. Rumbaugh, ""The Unified Software Development Process"", , 1999.",No doi,1.0,DOI not found
"M. Jirotka, J. Goguen, ""Requirements engineering: social and technical issues"", , 1994.",No doi,1.0,DOI not found
"Tom Renkema, ""Boekbespreking Farbey, B.; Land, F.; Targett, D.: how to assess your IT investment, a study of methods and practice (Butterworth Heinemann, Oxford, 1993)"", , 1994.",No doi,1.0,DOI not found
"I. Jacobson, Magnus Christerson, P. Jonsson, Gunnar Övergaard, ""Object-oriented software engineering - a use case driven approach"", TOOLS, 1993.",No doi,1.0,DOI not found
"S. Greenspan, J. Mylopoulos, Alexander Borgida, ""Capturing more world knowledge in the requirements specification"", ICSE '82, 1982.",No doi,1.0,DOI not found
"Hussan Munir, M. Moayyed, K. Petersen, ""Considering rigor and relevance when evaluating test driven development: A systematic review"", Inf. Softw. Technol., 2014.",https://doi.org/10.1016/j.infsof.2014.01.002,1.0,Abstract not found
"M. Unterkalmsteiner, R. Feldt, T. Gorschek, ""A taxonomy for requirements engineering and software test alignment"", ACM Trans. Softw. Eng. Methodol., 2014.",https://doi.org/10.1145/2523088,1.0,Extraction successful
"D. Baca, K. Petersen, ""Countermeasure graphs for software security risk assessment: An action research"", J. Syst. Softw., 2013.",https://doi.org/10.1016/j.jss.2013.04.023,1.0,Extraction successful
"Abhinaya Kasoju, K. Petersen, M. Mäntylä, ""Analyzing an automotive testing process with evidence-based software engineering"", Inf. Softw. Technol., 2013.",https://doi.org/10.1016/j.infsof.2013.01.005,1.0,Abstract not found
"Yahya Rafique, V. Mišić, ""The Effects of Test-Driven Development on External Quality and Productivity: A Meta-Analysis"", IEEE Transactions on Software Engineering, 2013.",https://doi.org/10.1109/TSE.2012.28,1.0,Extraction successful
"T. Dybå, ""Contextualizing empirical evidence"", IEEE Software, 2013.",https://doi.org/10.1109/MS.2013.4,1.0,Extraction successful
"Darja Šmite, C. Wohlin, Zane Galvina, R. Prikladnicki, ""An empirically based terminology and taxonomy for global software engineering"", Empirical Software Engineering, 2014.",https://doi.org/10.1007/s10664-012-9217-9,1.0,Abstract not found
"N. Ali, K. Petersen, M. Mäntylä, ""Testing highly complex system of systems: An industrial case study"", Proceedings of the 2012 ACM-IEEE International Symposium on Empirical Software Engineering and Measurement, 2012.",https://doi.org/10.1145/2372251.2372290,1.0,Abstract not found
"C. Wohlin, A. Aurum, L. Angelis, Laura Phillips, Y. Dittrich, T. Gorschek, Håkan Grahn, Kennet Henningsson, S. Kågström, G. Low, Per Rovegard, Piotr Tomaszewski, C. V. Toorn, J. Winter, ""The Success Factors Powering Industry-Academia Collaboration"", IEEE Software, 2012.",https://doi.org/10.1109/MS.2011.92,1.0,Extraction successful
"Martin Ivarsson, T. Gorschek, ""A method for evaluating rigor and industrial relevance of technology evaluations"", Empirical Software Engineering, 2011.",https://doi.org/10.1007/s10664-010-9146-4,1.0,Extraction successful
"J. Knottnerus, P. Tugwell, ""Real world research."", Journal of clinical epidemiology, 2010.",https://doi.org/10.1016/j.jclinepi.2010.08.001,1.0,Abstract not found
"Mikael Svahnberg, T. Gorschek, R. Feldt, R. Torkar, S. Saleem, M. Shafique, ""A systematic review on strategic release planning models"", Inf. Softw. Technol., 2010.",https://doi.org/10.1016/J.INFSOF.2009.11.006,1.0,Extraction successful
"K. Petersen, C. Wohlin, ""Context in industrial software engineering research"", 2009 3rd International Symposium on Empirical Software Engineering and Measurement, 2009.",https://doi.org/10.1109/ESEM.2009.5316010,1.0,Abstract not found
"J. Hannay, T. Dybå, E. Arisholm, Dag I.K. Sjøberg, ""The effectiveness of pair programming: A meta-analysis"", Inf. Softw. Technol., 2009.",https://doi.org/10.1016/j.infsof.2009.02.001,1.0,Extraction successful
"Vanessa Stricker, André Heuer, Johannes Maria Zaha, K. Pohl, S. D. Panfilis, ""Agreeing Upon SOA Terminology - Lessons Learned"", Future Internet Assembly, 2009.",https://doi.org/10.3233/978-1-60750-007-0-345,1.0,BIB not found
"R. Glass, I. Vessey, V. Ramesh, ""RESRES: The story behind the paper ""Research in software engineering: An analysis of the literature"""", Inf. Softw. Technol., 2009.",https://doi.org/10.1016/j.infsof.2008.09.015,1.0,Extraction successful
"P. Runeson, Martin Höst, ""Guidelines for conducting and reporting case study research in software engineering"", Empirical Software Engineering, 2009.",https://doi.org/10.1007/s10664-008-9102-8,1.0,Extraction successful
"Hyunsook Do, S. Mirarab, L. Tahvildari, Gregg Rothermel, ""An empirical study of the effect of time constraints on the cost-benefits of regression testing"", SIGSOFT '08/FSE-16, 2008.",https://doi.org/10.1145/1453101.1453113,1.0,Extraction successful
"T. Gorschek, P. Garre, S. Larsson, C. Wohlin, ""A Model for Technology Transfer in Practice"", IEEE Software, 2006.",https://doi.org/10.1109/MS.2006.147,1.0,Extraction successful
"Kristen R. Walcott, M. Soffa, G. M. Kapfhammer, R. Roos, ""TimeAware test suite prioritization"", ISSTA '06, 2006.",https://doi.org/10.1145/1146238.1146240,1.0,Extraction successful
"A. Rainer, ""Software engineering practice versus evidence- based software engineering research"", , 2005.",https://doi.org/10.1145/1083174.1083177,1.0,Abstract not found
"B. Kitchenham, T. Dybå, M. Jørgensen, ""Evidence-based software engineering"", Proceedings. 26th International Conference on Software Engineering, 2004.",https://doi.org/10.1109/ICSE.2004.1317449,1.0,Extraction successful
"Y. Singh, A. Kaur, Bharti Suri, S. Singhal, ""Systematic Literature Review on Regression Test Prioritization Techniques"", Informatica, 2012.",No doi,1.0,DOI not found
"D. Graham, E. Veenendaal, Isabel Evans, R. Black, ""Foundations of Software Testing ISTQB Certification"", , 2006.",No doi,1.0,DOI not found
"A. Abran, J. Moore, P. Bourque, R. Dupuis, L. Tripp, ""Guide to the Software Engineering Body of Knowledge : 2004 Version"", , 2005.",https://doi.org/10.1002/0471028959.sof312,1.0,Extraction successful
"A. Straw, Man Version, ""Guide to the Software Engineering Body of Knowledge"", , 1998.",No doi,1.0,DOI not found
"L. Briand, D. Falessi, S. Nejati, M. Sabetzadeh, T. Yue, ""Traceability and SysML design slices to support safety inspections: A controlled experiment"", TSEM, 2014.",https://doi.org/10.1145/2559978,1.0,Extraction successful
"M. Sabetzadeh, D. Falessi, L. Briand, Stefano Di Alesio, ""A goal-based approach for qualification of new technologies: Foundations, tool support, and industrial validation"", Reliab. Eng. Syst. Saf., 2013.",https://doi.org/10.1016/j.ress.2013.05.005,1.0,Extraction successful
"Razieh Behjati, T. Yue, L. Briand, B. Selić, ""SimPL: A product-line modeling methodology for families of integrated control systems"", Inf. Softw. Technol., 2013.",https://doi.org/10.1016/j.infsof.2012.09.006,1.0,Abstract not found
"Razieh Behjati, S. Nejati, T. Yue, A. Gotlieb, L. Briand, ""Model-Based Automated and Guided Configuration of Embedded Software Systems"", ECMFA, 2012.",https://doi.org/10.1007/978-3-642-31491-9_18,1.0,Extraction successful
"S. Nejati, M. Sabetzadeh, D. Falessi, L. Briand, T. Coq, ""A SysML-based approach to traceability management and design slicing in support of safety certification: Framework, tool support, and case studies"", Inf. Softw. Technol., 2012.",https://doi.org/10.1016/j.infsof.2012.01.005,1.0,Abstract not found
"M. Sabetzadeh, D. Falessi, L. Briand, Stefano Di Alesio, D. McGeorge, Vidar Åhjem, Jonas Borg, ""Combining Goal Models, Expert Elicitation, and Probabilistic Simulation for Qualification of New Technology"", 2011 IEEE 13th International Symposium on High-Assurance Systems Engineering, 2011.",https://doi.org/10.1109/HASE.2011.22,1.0,Extraction successful
"M. Sabetzadeh, S. Nejati, L. Briand, A. H. Mills, ""Using SysML for Modeling of Safety-Critical Software-Hardware Interfaces: Guidelines and Industry Experience"", 2011 IEEE 13th International Symposium on High-Assurance Systems Engineering, 2011.",https://doi.org/10.1109/HASE.2011.23,1.0,Extraction successful
"D. Falessi, S. Nejati, M. Sabetzadeh, L. Briand, Antonio Messina, ""SafeSlice: a model slicing and design safety inspection tool for SysML"", ESEC/FSE '11, 2011.",https://doi.org/10.1145/2025113.2025191,1.0,Extraction successful
"Razieh Behjati, T. Yue, S. Nejati, L. Briand, B. Selić, ""Extending SysML with AADL Concepts for Comprehensive System Architecture Modeling"", ECMFA, 2011.",https://doi.org/10.1007/978-3-642-21470-7_17,1.0,Extraction successful
"J. Hutchinson, M. Rouncefield, J. Whittle, ""Model-driven engineering practices in industry"", 2011 33rd International Conference on Software Engineering (ICSE), 2011.",https://doi.org/10.1145/1985793.1985882,1.0,Extraction successful
"J. Hutchinson, J. Whittle, M. Rouncefield, S. Kristoffersen, ""Empirical assessment of MDE in industry"", 2011 33rd International Conference on Software Engineering (ICSE), 2011.",https://doi.org/10.1145/1985793.1985858,1.0,Extraction successful
"A. Rensink, ""Model Driven Architecture - Foundations and Applications, 5th European Conference, ECMDA-FA 2009, Enschede, The Netherlands, June 23-26, 2009. Proceedings"", ECMDA-FA, 2009.",https://doi.org/10.1007/978-3-642-02674-4,1.0,Extraction successful
"Parastoo Mohagheghi, Vegard Dehlen, ""Where Is the Proof? - A Review of Experiences from Applying MDE in Industry"", ECMDA-FA, 2008.",https://doi.org/10.1007/978-3-540-69100-6_31,1.0,Extraction successful
"R. France, B. Rumpe, ""Model-driven Development of Complex Software: A Research Roadmap"", Future of Software Engineering (FOSE '07), 2007.",https://doi.org/10.1109/FOSE.2007.14,1.0,Extraction successful
"T. Gorschek, P. Garre, S. Larsson, C. Wohlin, ""A Model for Technology Transfer in Practice"", IEEE Software, 2006.",https://doi.org/10.1109/MS.2006.147,1.0,Extraction successful
"A. O'Hagan, C. Buck, A. Daneshkhah, J. Eiser, P. Garthwaite, D. Jenkinson, J. Oakley, T. Rakow, ""Uncertain Judgements: Eliciting Experts' Probabilities"", , 2006.",https://doi.org/10.1002/0470033312,1.0,Extraction successful
"C. Ericson, ""Hazard Analysis Techniques for System Safety: Ericson/Hazard Analysis Techniques for System Safety"", , 2005.",https://doi.org/10.1002/0471739421,1.0,Abstract not found
"Hoon Kim, ""Monte Carlo Statistical Methods"", Technometrics, 2000.",https://doi.org/10.1080/00401706.2000.10485722,1.0,Abstract not found
"C. Lewerentz, T. Lindner, ""Formal Development of Reactive Systems"", Lecture Notes in Computer Science, 1995.",https://doi.org/10.1007/3-540-58867-1,1.0,Abstract not found
"A. V. Lamsweerde, ""Requirements Engineering - From System Goals to UML Models to Software Specifications"", , 2009.",No doi,1.0,DOI not found
"C. Ericson, ""Hazard Analysis Techniques for System Safety"", , 2005.",No doi,1.0,DOI not found
"C. Robert, G. Casella, ""Monte Carlo Statistical Methods (Springer Texts in Statistics)"", , 2005.",No doi,1.0,DOI not found
"C. Lewerentz, T. Lindner, ""Formal Development of Reactive Systems: Case Study Production Cell"", , 1995.",No doi,1.0,DOI not found
"Philipp Diebold, Constanza Lampasona, Sergey Zverlov, S. Voss, ""Practitioners' and researchers' expectations on design space exploration for multicore systems in the automotive and avionics domains: a survey"", EASE '14, 2014.",https://doi.org/10.1145/2601248.2601250,1.0,Extraction successful
"Barry Bozeman, Daniel L. Fay, Catherine P. Slade, ""Research collaboration in universities and academic entrepreneurship: the-state-of-the-art"", The Journal of Technology Transfer, 2012.",https://doi.org/10.1007/s10961-012-9281-8,1.0,Extraction successful
"H. D. Rombach, R. Achatz, ""Research Collaborations between Academia and Industry"", Future of Software Engineering (FOSE '07), 2007.",https://doi.org/10.1109/FOSE.2007.16,1.0,Extraction successful
"T. Gorschek, P. Garre, S. Larsson, C. Wohlin, ""A Model for Technology Transfer in Practice"", IEEE Software, 2006.",https://doi.org/10.1109/MS.2006.147,1.0,Extraction successful
"M. Aoyama, ""Co-Evolutionary service-oriented model of technology transfer in software engineering"", TT '06, 2006.",https://doi.org/10.1145/1138046.1138049,1.0,Done already in 1.0
"A. Reisman, ""Transfer of Technologies: A Cross-Disciplinary Taxonomy"", , 2005.",https://doi.org/10.1016/J.OMEGA.2004.04.004,1.0,Extraction successful
"Barry Bozeman, ""Technology transfer and public policy: a review of research and theory"", , 2000.",https://doi.org/10.1016/S0048-7333(99)00093-1,1.0,Extraction successful
"S. Pfleeger, ""Understanding and improving technology transfer in software engineering"", J. Syst. Softw., 1999.",https://doi.org/10.1016/S0164-1212(99)00031-X,1.0,Extraction successful
"M. Zelkowitz, ""Software engineering technology infusion within NASA"", , 1996.",https://doi.org/10.1109/17.511836,1.0,Extraction successful
"E. Berniker, ""Models of technology transfer. (A dialectical case study)"", Technology Management : the New International Language, 1991.",https://doi.org/10.1109/PICMET.1991.183700,1.0,Extraction successful
"D. Teece, ""Technology Transfer by Multinational Firms: The Resource Cost of Transferring Technological Know-How"", , 1977.",https://doi.org/10.2307/2232084,1.0,Extraction successful
"Heiko Koziolek, Thomas Goldschmidt, ""Tool-Driven Technology Transfer to Support Software Architecture Decisions"", Software Engineering, 2014.",No doi,1.0,DOI not found
"André Heuer, Philipp Diebold, Torsten Bandyszak, ""Supporting Technology Transfer by Providing Recommendations for Writing Structured Guidelines"", Software Engineering, 2014.",No doi,1.0,DOI not found
"S. Redwine, W. Riddle, ""Software technology maturation"", ICSE '85, 1985.",No doi,1.0,DOI not found
"T. Gorschek, P. Garre, S. Larsson, C. Wohlin, ""A Model for Technology Transfer in Practice"", IEEE Software, 2006.",https://doi.org/10.1109/MS.2006.147,1.0,Extraction successful
"J. Hietala, J. Kontio, J. Jokinen, Jarkko Pyysiäinen, ""Challenges of software product companies: results of a national survey in Finland"", 10th International Symposium on Software Metrics, 2004. Proceedings., 2004.",https://doi.org/10.1109/METRIC.2004.1357906,1.0,Extraction successful
"J. Kontio, L. Lehtola, J. Bragge, ""Using the focus group method in software engineering: obtaining practitioner and user experiences"", Proceedings. 2004 International Symposium on Empirical Software Engineering, 2004. ISESE '04., 2004.",https://doi.org/10.1109/ISESE.2004.35,1.0,BIB not found
"Francisco A. C. Pinheiro, Julio Cesar Sampaio do Prado Leite, J. Castro, ""Requirements Engineering Technology Transfer: An Experience Report"", , 2003.",https://doi.org/10.1023/A:1022994516210,1.0,Extraction successful
"T. Hall, Sarah Beecham, A. Rainer, ""Requirements problems in twelve software companies: an empirical analysis"", IEE Proc. Softw., 2002.",https://doi.org/10.1049/ip-sen:20020694,1.0,Extraction successful
"H. Kaindl, S. Brinkkemper, J. Bubenko, B. Farbey, S. Greenspan, C. Heitmeyer, Julio Cesar Sampaio do Prado Leite, N. Mead, J. Mylopoulos, J. Siddiqi, ""Requirements Engineering and Technology Transfer: Obstacles, Incentives and Improvement Agenda"", Requirements Engineering, 2002.",https://doi.org/10.1007/s007660200008,1.0,Done already in 1.0
"S. Sawyer, ""A market-based perspective on information systems development"", CACM, 2001.",https://doi.org/10.1145/384150.384168,1.0,Extraction successful
"A. Colyer, ""From research to reward: challenges in technology transfer"", Proceedings of the 2000 International Conference on Software Engineering. ICSE 2000 the New Millennium, 2000.",https://doi.org/10.1145/337180.337467,1.0,Extraction successful
"P. Morris, M. Masera, M. Wilikens, ""Requirements engineering and industrial uptake"", Proceedings of IEEE International Symposium on Requirements Engineering: RE '98, 1998.",https://doi.org/10.1007/BF02919966,1.0,Extraction successful
"C. Alves, Silvia Pereira, George Valença, J. Pimentel, Rodolfo V. C. L. de Andrade, ""Preliminary Results from an Empirical Study in Market-Driven Software Companies"", WER, 2007.",No doi,1.0,DOI not found
"L. Karlsson, Åsa G. Dahlstedt, J. Dag, B. Regnell, A. Persson, ""Challenges in Market-Driven Requirements Engineering - an Industrial Interview Study"", , 2002.",https://doi.org/10.1016/j.infsof.2007.02.008,1.0,Extraction successful
"S. Robertson, J. Robertson, ""Mastering the Requirements Process"", , 1999.",No doi,1.0,DOI not found
"P. Sawyer, I. Sommerville, G. Kotonya, ""Improving Market-Driven RE Processes"", , 1999.",No doi,1.0,DOI not found
"I. Sommerville, P. Sawyer, ""Requirements Engineering: A Good Practice Guide"", , 1997.",No doi,1.0,DOI not found
"H. D. Rombach, R. Achatz, ""Research Collaborations between Academia and Industry"", Future of Software Engineering (FOSE '07), 2007.",https://doi.org/10.1109/FOSE.2007.16,1.0,Extraction successful
"T. Gorschek, P. Garre, S. Larsson, C. Wohlin, ""A Model for Technology Transfer in Practice"", IEEE Software, 2006.",https://doi.org/10.1109/MS.2006.147,1.0,Extraction successful
"Eva-María Mora-Valentín, Ángeles Montoro-Sánchez, L. Guerras-Martín, ""Determining factors in the success of R&D cooperative agreements between firms and research organizations"", , 2004.",https://doi.org/10.1016/S0048-7333(03)00087-8,1.0,Extraction successful
"T. Barnes, I. Pashby, Anne Gibbons, ""Effective University - Industry Interaction: A Multi-case Evaluation of Collaborative R&D Projects"", , 2002.",https://doi.org/10.1016/S0263-2373(02)00044-0,1.0,Extraction successful
"L. Mathiassen, ""Collaborative Practice Research"", Scand. J. Inf. Syst., 2000.",https://doi.org/10.1108/09593840210453115,1.0,Extraction successful
"D. Stelzer, Werner Mellis, ""Success factors of organizational change in software process improvement"", Softw. Process. Improv. Pract., 1998.",https://doi.org/10.1002/(SICI)1099-1670(199812)4:4%3C227::AID-SPIP106%3E3.0.CO;2-1,1.0,Abstract not found
"A. Ven, ""Engaged Scholarship: A Guide for Organizational and Social Research Oxford University Press, forthcoming 2007"", , 2007.",No doi,1.0,DOI not found
"R. B. Grady, ""Successful Software Process Improvement"", , 1997.",No doi,1.0,DOI not found
"J. Pietersma, A. van Gemund, A. Bos, ""A model-based approach to sequential fault diagnosis - A best student paper award winner at IEEE Autotestcon 2005"", IEEE Instrumentation & Measurement Magazine, 2007.",https://doi.org/10.1109/MIM.2007.364961,1.0,Extraction successful
"R. Krikhaar, I. Crnkovic, ""Software Configuration Management"", Sci. Comput. Program., 2007.",https://doi.org/10.1016/j.scico.2006.10.003,1.0,Extraction successful
"M. Larsson, A. Wall, C. Norström, I. Crnkovic, ""Technology transfer: why some succeed and some don't"", TT '06, 2006.",https://doi.org/10.1145/1138046.1138055,1.0,Extraction successful
"T. Punter, R. Krikhaar, R. J. Bril, ""Sustainable Technology Transfer"", TT '06, 2006.",https://doi.org/10.1145/1138046.1138052,1.0,Done already in 1.0
"J. Pietersma, A. van Gemund, A. Bos, ""A model-based approach to sequential fault diagnosis"", IEEE Autotestcon, 2005., 2005.",https://doi.org/10.1109/AUTEST.2005.1609208,1.0,Extraction successful
"R. J. Bril, R. Krikhaar, A. Postma, ""Architectural support in industry: a reflection using C-POSH: Practice Articles"", , 2005.",https://doi.org/10.1002/SMR.V17:1,1.0,BIB not found
"R. J. Bril, R. Krikhaar, A. Postma, ""Architectural support in industry: a reflection using C-POSH"", J. Softw. Maintenance Res. Pract., 2005.",https://doi.org/10.1002/smr.304,1.0,Extraction successful
"M. Jaring, R. Krikhaar, J. Bosch, ""Representing variability in a family of MRI scanners"", Softw. Pract. Exp., 2004.",https://doi.org/10.1002/spe.558,1.0,Extraction successful
"A. Postma, ""A method for module architecture verification and its application on a large component-based system"", Inf. Softw. Technol., 2003.",https://doi.org/10.1016/S0950-5849(02)00193-3,1.0,Extraction successful
"T. Leinonen, ""SW Engineering under Tight Economic Constrains"", PROFES, 2002.",https://doi.org/10.1007/3-540-36209-6_2,1.0,Extraction successful
"B. Pronk, ""An Interface-based platform approach"", SPLC, 2000.",https://doi.org/10.1007/978-1-4615-4339-8_18,1.0,Extraction successful
"R. J. Bril, L. Feijs, A. Glas, R. Krikhaar, T. Winter, ""Maintaining a legacy: towards support at the architectural level"", J. Softw. Maintenance Res. Pract., 2000.",https://doi.org/10.1002/1096-908X(200005/06)12:3%3C143::AID-SMR207%3E3.0.CO;2-7,1.0,Abstract not found
"R. V. Ommering, F. V. Linden, J. Kramer, J. Magee, ""The Koala Component Model for Consumer Electronics Software"", Computer, 2000.",https://doi.org/10.1109/2.825699,1.0,Extraction successful
"C. Wohlin, P. Runeson, Martin Höst, M. C. Ohlsson, B. Regnell, Anders Wesslén, ""Experimentation in software engineering: an introduction"", , 2000.",https://doi.org/10.1016/s0898-1221(00)90203-7,1.0,Abstract not found
"S. Pfleeger, W. Menezes, ""Marketing Technology to Software Practitioners"", IEEE Softw., 2000.",https://doi.org/10.1109/52.819965,1.0,Extraction successful
"S. Pfleeger, ""Understanding and improving technology transfer in software engineering"", J. Syst. Softw., 1999.",https://doi.org/10.1016/S0164-1212(99)00031-X,1.0,Extraction successful
"A. Deursen, T. Kuipers, ""Identifying objects using cluster and concept analysis"", Proceedings of the 1999 International Conference on Software Engineering (IEEE Cat. No.99CB37002), 1999.",https://doi.org/10.1145/302405.302629,1.0,Abstract not found
"L. Feijs, R. Krikhaar, R. V. Ommering, ""A relational approach to support software architecture analysis"", Softw. Pract. Exp., 1998.",https://doi.org/10.1002/(SICI)1097-024X(19980410)28:4%3C371::AID-SPE154%3E3.0.CO;2-1,1.0,Extraction successful
"Philippe B Kruchten, ""The 4+1 View Model of Architecture"", IEEE Softw., 1995.",https://doi.org/10.1109/52.469759,1.0,Extraction successful
"Dilip Soni, R. Nord, C. Hofmeister, ""Software Architecture in Industrial Applications"", 1995 17th International Conference on Software Engineering, 1995.",https://doi.org/10.1145/225014.225033,1.0,Extraction successful
"H. Krasner, ""Bottlenecks in the transfer of software engineering technology: lessons learned from a consortium failure"", Proceedings of the Twenty-Eighth Annual Hawaii International Conference on System Sciences, 1995.",https://doi.org/10.1109/HICSS.1995.375680,1.0,Extraction successful
"C. Potts, ""Software-engineering research revisited"", IEEE Software, 1993.",https://doi.org/10.1109/52.232392,1.0,Extraction successful
"J. Buxton, R. Malcolm, ""Software technology transfer"", Softw. Eng. J., 1991.",https://doi.org/10.1049/sej.1991.0002,1.0,Extraction successful
"W. Nord, A. Tucker, ""Implementing Routine and Radical Inno-vation"", , 1986.",https://doi.org/10.2307/2393064,1.0,Abstract not found
"J. Tretmans, ""Tangram: Model-Based Integration and Testing of Complex High-Tech Systems"", , 2007.",No doi,1.0,DOI not found
"R. Engelen, Jpm Jeroen Voeten, ""Ideals : evolvability of software-intensive high-tech systems : a collaborative research project on maintaining complex embedded systems"", , 2007.",No doi,1.0,DOI not found
"Mary Poppendieck, Tom Poppendieck, ""Implementing Lean Software Development: From Concept to Cash (The Addison-Wesley Signature Series)"", , 2006.",https://doi.org/10.1145/979743.979773,1.0,Extraction successful
"B. Freimut, T. Punter, S. Biffl, M. Ciolkowski, ""State-of-the-Art in Empirical Studies"", , 2002.",No doi,1.0,DOI not found
"P. Donohoe, ""Software product lines : experience and research directions : proceedings of the First Software Product Lines Conference (SPLC1), August 28-31, 2000, Denver, Colorado, USA"", , 2000.",https://doi.org/10.1007/978-1-4615-4339-8,1.0,Extraction successful
"M. Fowler, Kendall V. Scott, ""UML distilled - a brief guide to the Standard Object Modeling Language (2. ed.)"", notThenot Addison-Wesley object technology series, 2000.",No doi,1.0,DOI not found
"R. Krikhaar, ""Software architecture reconstruction"", , 1999.",No doi,1.0,DOI not found
"M. Zelkowitz, D. Wallace, D. Binkley, ""Culture Conflicts in Software Engineering Technology Transfer"", , 1998.",No doi,1.0,DOI not found
"Philippe B Kruchten, ""The Rational Unified Process: An Introduction"", , 1998.",No doi,1.0,DOI not found
"K. Kronlöf, ""Method integration: concepts and case studies"", , 1993.",No doi,1.0,DOI not found
"W. Humphrey, ""Managing the software process"", The SEI series in software engineering, 1989.",No doi,1.0,DOI not found
"S. Redwine, W. Riddle, ""Software technology maturation"", ICSE '85, 1985.",No doi,1.0,DOI not found
"Thomas Aschauer, G. Dauenhauer, W. Pree, ""Towards a generic architecture for multi-level modeling"", 2009 Joint Working IEEE/IFIP Conference on Software Architecture & European Conference on Software Architecture, 2009.",https://doi.org/10.1109/WICSA.2009.5290798,1.0,Extraction successful
"Thomas Aschauer, G. Dauenhauer, W. Pree, ""Representation and Traversal of Large Clabject Models"", MoDELS, 2009.",https://doi.org/10.1007/978-3-642-04425-0_3,1.0,Extraction successful
"Thomas Aschauer, G. Dauenhauer, W. Pree, ""Multi-level Modeling for Industrial Automation Systems"", 2009 35th Euromicro Conference on Software Engineering and Advanced Applications, 2009.",https://doi.org/10.1109/SEAA.2009.46,1.0,Extraction successful
"T. Vajk, Róbert Kereskényi, T. Levendovszky, Á. Lédeczi, ""Raising the Abstraction of Domain-Specific Model Translator Development"", 2009 16th Annual IEEE International Conference and Workshop on the Engineering of Computer Based Systems, 2009.",https://doi.org/10.1109/ECBS.2009.30,1.0,Extraction successful
"Thomas Aschauer, G. Dauenhauer, P. Derler, W. Pree, Christoph Steindl, ""Could an Agile Requirements Analysis Be Automated?-Lessons Learned from the Successful Overhauling of an Industrial Automation System"", Monterey Workshop, 2008.",https://doi.org/10.1007/978-3-540-89778-1_6,1.0,Extraction successful
"C. Atkinson, Thomas Kühne, ""Reducing accidental complexity in domain models"", Software & Systems Modeling, 2008.",https://doi.org/10.1007/s10270-007-0061-0,1.0,Extraction successful
"Jeffrey G. Gray, S. Neema, Juha-Pekka Tolvanen, A. Gokhale, S. Kelly, J. Sprinkle, ""Domain-Specific Modeling"", Handbook of Dynamic System Modeling, 2008.",https://doi.org/10.1201/9781420010855.pt2,1.0,Abstract not found
"D. Ungar, Randall B. Smith, ""Self"", HOPL, 2007.",https://doi.org/10.1145/1238844.1238853,1.0,Abstract not found
"H. D. Rombach, R. Achatz, ""Research Collaborations between Academia and Industry"", Future of Software Engineering (FOSE '07), 2007.",https://doi.org/10.1109/FOSE.2007.16,1.0,Extraction successful
"Nan Niu, S. Easterbrook, ""So, You Think You Know Others' Goals? A Repertory Grid Study"", IEEE Software, 2007.",https://doi.org/10.1109/MS.2007.52,1.0,Abstract not found
"M. Mernik, J. Heering, A. Sloane, ""When and how to develop domain-specific languages"", CSUR, 2005.",https://doi.org/10.1145/1118890.1118892,1.0,Extraction successful
"I. Ramos, D. Berry, J. Carvalho, ""Requirements engineering for organizational transformation"", Inf. Softw. Technol., 2005.",https://doi.org/10.1016/J.INFSOF.2004.09.014,1.0,Extraction successful
"S. Nordstrom, S. Shetty, K. Chhokra, J. Sprinkle, B. Eames, Á. Lédeczi, ""ANEMIC: Automatic Interface Enabler for Model Integrated Computing"", GPCE, 2003.",https://doi.org/10.1007/978-3-540-39815-8_9,1.0,Extraction successful
"C. Atkinson, Thomas Kühne, ""Model-Driven Development: A Metamodeling Foundation"", IEEE Softw., 2003.",https://doi.org/10.1109/MS.2003.1231149,1.0,Abstract not found
"D. Wile, ""Lessons learned from real DSL experiments"", 36th Annual Hawaii International Conference on System Sciences, 2003. Proceedings of the, 2003.",https://doi.org/10.1109/HICSS.2003.1174893,1.0,Abstract not found
"Á. Lédeczi, Á. Bakay, M. Maróti, P. Volgyesi, G. Nordstrom, J. Sprinkle, G. Karsai, ""Smart Dust: communicating with a cubic-millimeter computer"", , 2001.",https://doi.org/10.1109/2.963443,1.0,Extraction successful
"S. Pfleeger, ""Understanding and improving technology transfer in software engineering"", J. Syst. Softw., 1999.",https://doi.org/10.1016/S0164-1212(99)00031-X,1.0,Extraction successful
"C. Atkinson, ""Meta-modelling for distributed object environments"", Proceedings First International Enterprise Distributed Object Computing Workshop, 1997.",https://doi.org/10.1109/EDOC.1997.628350,1.0,Extraction successful
"A. Taivalsaari, ""On the notion of inheritance"", CSUR, 1996.",https://doi.org/10.1145/243439.243441,1.0,Extraction successful
"D. Berry, ""The importance of ignorance in requirements engineering"", J. Syst. Softw., 1995.",https://doi.org/10.1016/0164-1212(94)00054-Q,1.0,Extraction successful
"D. Parnas, ""Software aging"", Proceedings of 16th International Conference on Software Engineering, 1994.",https://doi.org/10.1109/ICSE.1994.296790,1.0,Extraction successful
"D. Ungar, Randall B. Smith, ""SELF: The power of simplicity"", OOPSLA '87, 1987.",https://doi.org/10.1145/38765.38828,1.0,Abstract not found
"F. Brooks, ""No Silver Bullet Essence and Accidents of Software Engineering"", Computer, 1987.",https://doi.org/10.1109/MC.1987.1663532,1.0,Extraction successful
"S. Kelly, Juha-Pekka Tolvanen, ""Domain-Specific Modeling - Enabling Full Code Generation"", , 2008.",https://doi.org/10.1002/9780470249260,1.0,Extraction successful
"Robert C. Martin, Micah Martin, ""Agile Principles, Patterns, and Practices in C# (Robert C. Martin)"", , 2006.",No doi,1.0,DOI not found
"M. Plint, A. Martyr, ""Engine Testing: Theory and Practice"", , 1995.",No doi,1.0,DOI not found
"J. Odell, ""Power Types"", J. Object Oriented Program., 1994.",No doi,1.0,DOI not found
"M. Aoyama, ""Continuous and discontinuous software evolution: aspects of software evolution across multiple product lines"", IWPSE '01, 2001.",https://doi.org/10.1145/602461.602477,1.0,Extraction successful
"Thierry Bardini, ""Bootstrapping: Douglas Engelbart, coevolution, and the origins of personal computing"", , 2000.",https://doi.org/10.5860/choice.38-5616,1.0,Abstract not found
"H. D. Rombach, ""Fraunhofer: the German model for applied research and technology transfer"", Proceedings of the 2000 International Conference on Software Engineering. ICSE 2000 the New Millennium, 2000.",https://doi.org/10.1145/337180.337443,1.0,Extraction successful
"A. Lewin, C. Long, Timothy N. Carroll, ""The Coevolution of New Organizational Forms"", , 1999.",https://doi.org/10.1287/ORSC.10.5.535,1.0,Extraction successful
"Capers Jones, ""Why Is Technology Transfer so Hard?"", Computer, 1995.",https://doi.org/10.1109/2.386991,1.0,Extraction successful
"Gustavo Stubrich, ""The Fifth Discipline: The Art and Practice of the Learning Organization"", , 1993.",https://doi.org/10.1016/0022-5428(93)90045-Q,1.0,Abstract not found
"M. Shaw, ""Prospects for an engineering discipline of software"", IEEE Software, 1990.",https://doi.org/10.1109/52.60586,1.0,Extraction successful
"Eric Newcomer, G. Lomow, ""Understanding SOA with Web Services"", , 2004.",No doi,1.0,DOI not found
"M. Aoyama, ""Creation and Mediation of Trust for Web Services"", , 2002.",No doi,1.0,DOI not found
"D. Ulrich, R. Ashkenas, ""The GE Work-Out"", , 2002.",No doi,1.0,DOI not found
"S. Redwine, W. Riddle, ""Software technology maturation"", ICSE '85, 1985.",No doi,1.0,DOI not found
"Dag I.K. Sjøberg, J. Hannay, Ove Hansen, V. Kampenes, Amela Karahasanovic, Nils-Kristian Liborg, Anette C. Rekdal, ""A survey of controlled experiments in software engineering"", IEEE Transactions on Software Engineering, 2005.",https://doi.org/10.1109/TSE.2005.97,1.0,Extraction successful
"T. Lethbridge, S. Sim, J. Singer, ""Studying Software Engineers: Data Collection Techniques for Software Field Studies"", Empirical Software Engineering, 2005.",https://doi.org/10.1007/s10664-005-1290-x,1.0,Extraction successful
"L. Williams, L. Layman, P. Abrahamsson, ""On establishing the essential components of a technology-dependent framework"", ACM SIGSOFT Softw. Eng. Notes, 2005.",https://doi.org/10.1145/1082983.1083179,1.0,Extraction successful
"J. Sayyad-Shirabad, T. Lethbridge, S. Matwin, ""Mining the maintenance history of a legacy software system"", International Conference on Software Maintenance, 2003. ICSM 2003. Proceedings., 2003.",https://doi.org/10.1109/ICSM.2003.1235410,1.0,Extraction successful
"R. Conradi, T. Dybå, Dag I.K. Sjøberg, Tor Ulsund, ""Lessons Learned and Recommendations from Two Large Norwegian SPI Programmes"", EWSPT, 2003.",https://doi.org/10.1007/978-3-540-45189-1_4,1.0,Extraction successful
"T. Lethbridge, N. Anquetil, ""Comparative study of clustering algorithms and abstract representations for software remodularization"", IEE Proc. Softw., 2003.",https://doi.org/10.1049/IP-SEN:20030581,1.0,Extraction successful
"Huixiang Liu, T. Lethbridge, ""Intelligent Search Methods for Software Maintenance"", Inf. Syst. Frontiers, 2002.",https://doi.org/10.1023/A:1020839810474,1.0,Extraction successful
"N. Mead, K. Beckman, J. Lawrence, G. O'Mary, Cynthia L. Parish, Perla Unpingco, Hope Walker, ""Industry/university collaborations: different perspectives heighten mutual opportunities"", J. Syst. Softw., 1999.",https://doi.org/10.1016/S0164-1212(99)00091-6,1.0,Extraction successful
"S. Pfleeger, ""Understanding and improving technology transfer in software engineering"", J. Syst. Softw., 1999.",https://doi.org/10.1016/S0164-1212(99)00031-X,1.0,Extraction successful
"N. Anquetil, T. Lethbridge, ""Recovering software architecture from the names of source files"", J. Softw. Maintenance Res. Pract., 1999.",https://doi.org/10.1002/(SICI)1096-908X(199905/06)11:3%3C201::AID-SMR192%3E3.0.CO;2-1,1.0,Abstract not found
"K. Beckman, N. Coulter, S. Khajenoori, N. Mead, ""Collaborations: Closing the Industry-Academia Gap"", IEEE Softw., 1997.",https://doi.org/10.1109/52.636668,1.0,Extraction successful
"R. Baskerville, T. Wood-Harper, ""A critical perspective on action research as a method for information systems research"", J. Inf. Technol., 1996.",https://doi.org/10.1177/026839629601100305,1.0,Extraction successful
"D. Skuce, T. Lethbridge, ""Practical techniques for organizing and measuring knowledge"", , 1994.",https://doi.org/10.20381/RUOR-14885,1.0,Abstract not found
"C. Potts, ""Software-engineering research revisited"", IEEE Software, 1993.",https://doi.org/10.1109/52.232392,1.0,Extraction successful
"M. Zelkowitz, ""Assessing Software Engineering Technology Transfer within NASA"", , 2000.",No doi,1.0,DOI not found
"T. Lethbridge, N. Anquetil, ""Architecture of a Source Code Exploration Tool: A Software Engineering Case Study1"", , 1997.",No doi,1.0,DOI not found
"P. Checkland, ""From framework through experience to learning: The essential nature of action research"", , 1991.",No doi,1.0,DOI not found
"H. Nissen, H. Klein, R. Hirschheim, ""Information systems research: contemporary approaches and emergent traditions"", , 1991.",No doi,1.0,DOI not found
"V. Basili, F. McGarry, R. Pajerski, M. Zelkowitz, ""Lessons learned from 25 years of process improvement: the rise and fall of the NASA software engineering laboratory"", Proceedings of the 24th International Conference on Software Engineering. ICSE 2002, 2002.",https://doi.org/10.1145/581339.581351,1.0,Extraction successful
"Natalia Juristo Juzgado, A. Moreno, ""Basics of Software Engineering Experimentation"", Springer US, 2010.",https://doi.org/10.1007/978-1-4757-3304-4,1.0,Extraction successful
"James Miller, ""Applying meta-analytical procedures to software engineering experiments"", J. Syst. Softw., 2000.",https://doi.org/10.1016/S0164-1212(00)00024-8,1.0,Extraction successful
"V. Basili, ""Keynote on ""Experimental Software Engineering"""", EWSPT, 2000.",https://doi.org/10.1007/BFb0095023,1.0,Extraction successful
"D. Landes, K. Schneider, F. Houdek, ""Organizational learning and experience documentation in industrial software projects"", Int. J. Hum. Comput. Stud., 1999.",https://doi.org/10.1006/ijhc.1999.0280,1.0,Extraction successful
"S. Pfleeger, ""Understanding and improving technology transfer in software engineering"", J. Syst. Softw., 1999.",https://doi.org/10.1016/S0164-1212(99)00031-X,1.0,Extraction successful
"M. Zelkowitz, D. Wallace, ""Experimental Models for Validating Technology"", Computer, 1998.",https://doi.org/10.1109/2.675630,1.0,Extraction successful
"F. Houdek, K. Schneider, Eva Wieser, ""Establishing experience factories at Daimler-Benz an experience report"", Proceedings of the 20th International Conference on Software Engineering, 1998.",https://doi.org/10.1109/ICSE.1998.671602,1.0,Extraction successful
"James Miller, J. Daly, M. Wood, M. Roper, A. Brooks, ""Statistical power and its subcomponents - missing and misunderstood concepts in empirical software engineering research"", Inf. Softw. Technol., 1997.",https://doi.org/10.1016/S0950-5849(96)01139-1,1.0,Extraction successful
"W. Humphrey, ""A discipline for software engineering"", Series in software engineering, 2012.",https://doi.org/10.1016/0967-0661(95)90062-4,1.0,Abstract not found
"S. Pfleeger, ""Experimental design and analysis in software engineering"", Ann. Softw. Eng., 1995.",https://doi.org/10.1007/BF02249052,1.0,Extraction successful
"E. Kamsties, C. Lott, ""An Empirical Evaluation of Three Defect-Detection Techniques"", ESEC, 1995.",https://doi.org/10.1007/3-540-60406-5_25,1.0,Extraction successful
"V. Basili, G. Caldiera, ""Improve Software Quality by Reusing Knowledge and Experience"", , 1995.",https://doi.org/10.1007/3-540-27662-9_16,1.0,Abstract not found
"D. Perry, Nancy A. Staudenmayer, L. Votta, ""People, organizations, and process improvement"", IEEE Software, 1994.",https://doi.org/10.1109/52.300082,1.0,Extraction successful
"V. Basili, G. Caldiera, F. McGarry, R. Pajerski, G. Page, S. Waligora, ""The software engineering laboratory - an operational software experience factory"", International Conference on Software Engineering, 1992.",https://doi.org/10.1145/143062.143154,1.0,Abstract not found
"V. Basili, R. Selby, ""Comparing the Effectiveness of Software Testing Strategies"", IEEE Transactions on Software Engineering, 1987.",https://doi.org/10.1109/TSE.1987.232881,1.0,Extraction successful
"V. Basili, R. Selby, D. Hutchens, ""Experimentation in software engineering"", IEEE Transactions on Software Engineering, 1986.",https://doi.org/10.1109/TSE.1986.6312975,1.0,Extraction successful
"N. Fenton, S. Pfleeger, ""Software Metrics : A Rigorous and Practical Approach"", , 1998.",No doi,1.0,DOI not found
"Kim Caputo, ""Cmm Implementation Guide: Choreographing Software Process Improvement"", , 1997.",No doi,1.0,DOI not found
"C. Wohlin, Anders Gustavsson, Martin Höst, Christer Mattsson, ""A Framework for Technology Introduction in Software Organizations 1"", , 1996.",No doi,1.0,DOI not found
"W. Humphrey, ""Managing the software process"", The SEI series in software engineering, 1989.",No doi,1.0,DOI not found
"S. Redwine, W. Riddle, ""Software technology maturation"", ICSE '85, 1985.",No doi,1.0,DOI not found
"A. Ilersic, ""Research methods in social relations"", , 1961.",No doi,1.0,DOI not found
"H. Kaindl, S. Brinkkemper, J. Bubenko, B. Farbey, S. Greenspan, C. Heitmeyer, Julio Cesar Sampaio do Prado Leite, N. Mead, J. Mylopoulos, J. Siddiqi, ""Requirements Engineering and Technology Transfer: Obstacles, Incentives and Improvement Agenda"", Requirements Engineering, 2002.",https://doi.org/10.1007/s007660200008,1.0,Done already in 1.0
"S. Anderson, M. Felici, ""Requirements Evolution from Process to Product Oriented Management"", PROFES, 2001.",https://doi.org/10.1007/3-540-44813-6_6,1.0,Extraction successful
"Barry Bozeman, J. S. Dietz, ""Strategic Research Partnerships: Constructing Policy-Relevant Indicators"", , 2001.",https://doi.org/10.1023/A:1011143105426,1.0,Extraction successful
"H. Kaindl, ""Why is it so difficult to introduce requirements engineering research results into mainstream requirements engineering practice?"", Proceedings Fourth International Conference on Requirements Engineering. ICRE 2000. (Cat. No.98TB100219), 2000.",https://doi.org/10.1109/ICRE.2000.855588,1.0,Extraction successful
"Julio Cesar Sampaio do Prado Leite, ""Is there a Gap between RE Research and RE Practice?"", ICRE, 2000.",https://doi.org/10.1109/ICRE.2000.855591,1.0,Extraction successful
"S. Greenspan, ""Why is it so easy to introduce requirements engineering technology transfer panels into mainstream practice?"", Proceedings Fourth International Conference on Requirements Engineering. ICRE 2000. (Cat. No.98TB100219), 2000.",https://doi.org/10.1109/ICRE.2000.855589,1.0,Extraction successful
"N. Mead, ""Why is it so difficult to introduce requirements engineering research results into mainstream requirements engineering practice?"", Proceedings Fourth International Conference on Requirements Engineering. ICRE 2000. (Cat. No.98TB100219), 2000.",https://doi.org/10.1109/ICRE.2000.855592,1.0,Extraction successful
"S. Pfleeger, ""Understanding and improving technology transfer in software engineering"", J. Syst. Softw., 1999.",https://doi.org/10.1016/S0164-1212(99)00031-X,1.0,Extraction successful
"P. Morris, M. Masera, M. Wilikens, ""Requirements engineering and industrial uptake"", Proceedings of IEEE International Symposium on Requirements Engineering: RE '98, 1998.",https://doi.org/10.1007/BF02919966,1.0,Extraction successful
"P. Fowler, Anita D. Carleton, B. Merrin, ""Transition packages: an experiment in expediting the introduction of requirements management"", Proceedings of IEEE International Symposium on Requirements Engineering: RE '98, 1998.",https://doi.org/10.1109/ICRE.1998.667819,1.0,Extraction successful
"Michael Diaz, J. Sligo, ""How Software Process Improvement Helped Motorola"", IEEE Softw., 1997.",https://doi.org/10.1109/52.605934,1.0,Extraction successful
"H. Wohlwend, S. Rosenbaum, ""Software improvements in an international company"", Proceedings of 1993 15th International Conference on Software Engineering, 1993.",https://doi.org/10.1109/ICSE.1993.346042,1.0,Extraction successful
"D. Zowghi, Daniela E. Damian, R. Offen, ""Field studies of requirements engineering in a multi-site software development organisation: research in progress"", , 2001.",No doi,1.0,DOI not found
"R. Barson, G. A. Foster, T. Struck, S. Ratchev, F. Weber, Michael Wunram, ""Inter- and Intra-Organisational Barriers to Sharing Knowledge in the Extended Supply-Chain"", , 2000.",No doi,1.0,DOI not found
"D. Alderson, ""Experience of Bi-Lateral Technology Transfer Projects"", , 1997.",No doi,1.0,DOI not found
"R. J. Bril, R. Krikhaar, A. Postma, ""Architectural support in industry: a reflection using C-POSH: Practice Articles"", , 2005.",https://doi.org/10.1002/SMR.V17:1,1.0,BIB not found
"R. J. Bril, R. Krikhaar, A. Postma, ""Architectural support in industry: a reflection using C-POSH"", J. Softw. Maintenance Res. Pract., 2005.",https://doi.org/10.1002/smr.304,1.0,Extraction successful
"B. Kitchenham, T. Dybå, M. Jørgensen, ""Evidence-based software engineering"", Proceedings. 26th International Conference on Software Engineering, 2004.",https://doi.org/10.1109/ICSE.2004.1317449,1.0,Extraction successful
"H. Volberda, A. Lewin, ""Co-evolutionary Dynamics Within and Between Firms: From Evolution to Co-evolution"", , 2003.",https://doi.org/10.1046/J.1467-6486.2003.00414.X,1.0,Extraction successful
"C. Wohlin, P. Runeson, Martin Höst, M. C. Ohlsson, B. Regnell, Anders Wesslén, ""Experimentation in software engineering: an introduction"", , 2000.",https://doi.org/10.1016/s0898-1221(00)90203-7,1.0,Abstract not found
"S. Pfleeger, W. Menezes, ""Marketing Technology to Software Practitioners"", IEEE Softw., 2000.",https://doi.org/10.1109/52.819965,1.0,Extraction successful
"S. Pfleeger, ""Understanding and improving technology transfer in software engineering"", J. Syst. Softw., 1999.",https://doi.org/10.1016/S0164-1212(99)00031-X,1.0,Extraction successful
"J. Sametinger, ""Software Engineering with Reusable Components"", Springer Berlin Heidelberg, 1997.",https://doi.org/10.1007/978-3-662-03345-6,1.0,Abstract not found
"T. Hall, N. Fenton, ""Implementing Effective Software Metrics Programs"", IEEE Softw., 1997.",https://doi.org/10.1109/52.582975,1.0,Extraction successful
"M. Porter, C. Linde, ""Toward a New Conception of the Environment-Competitiveness Relationship"", , 1995.",https://doi.org/10.1257/JEP.9.4.97,1.0,Extraction successful
"Gustavo Stubrich, ""The Fifth Discipline: The Art and Practice of the Learning Organization"", , 1993.",https://doi.org/10.1016/0022-5428(93)90045-Q,1.0,Abstract not found
"P. Senge, ""The fifth discipline : the art and practice of the learning organization/ Peter M. Senge"", , 1991.",https://doi.org/10.1002/PFI.4170300510,1.0,Extraction successful
"A. Endres, H. D. Rombach, ""A handbook of software and systems engineering - empirical observations, laws and theories"", The Fraunhofer IESE series on software engineering, 2003.",https://doi.org/10.1002/0471028959.sof135,1.0,Extraction successful
"Philippe B Kruchten, ""The Rational Unified Process: An Introduction, Second Edition"", , 2000.",No doi,1.0,DOI not found
"M. Zelkowitz, ""Assessing Software Engineering Technology Transfer within NASA"", , 2000.",No doi,1.0,DOI not found
"F. J. Heemstra, R. Kusters, ""Assessing IT-investments: Costs, benefits, risks"", , 2000.",No doi,1.0,DOI not found
"Philippe B Kruchten, ""The Rational Unified Process: An Introduction"", , 1998.",No doi,1.0,DOI not found
"K. Kronlöf, ""Method integration: concepts and case studies"", , 1993.",No doi,1.0,DOI not found
"Ita Richardson, A. Milewski, N. Mullick, Patrick Keil, ""Distributed development: an education perspective on the global studio project"", ICSE, 2006.",https://doi.org/10.1145/1134285.1134390,1.0,Extraction successful
"J. Börstler, ""Improving CRC-card role-play with role-play diagrams"", OOPSLA '05, 2005.",https://doi.org/10.1145/1094855.1094973,1.0,Extraction successful
"J. Nawrocki, A. Wojciechowski, ""Extreme89: An XP War Game"", RISE, 2005.",https://doi.org/10.1007/11751113_20,1.0,Extraction successful
"Jun-Suk Oh, Ho‐Jin Choi, ""A reflective practice of automated and manual code reviews for a studio project"", Fourth Annual ACIS International Conference on Computer and Information Science (ICIS'05), 2005.",https://doi.org/10.1109/ICIS.2005.17,1.0,Extraction successful
"J. Armarego, S. Clarke, ""Problem-based Design Studios for Undergraduate SE Education"", 18th Conference on Software Engineering Education & Training (CSEET'05), 2005.",https://doi.org/10.1109/CSEET.2005.24,1.0,Extraction successful
"A. Baker, E. Navarro, A. Hoek, ""An experimental card game for teaching software engineering processes"", J. Syst. Softw., 2005.",https://doi.org/10.1016/j.jss.2004.02.033,1.0,Extraction successful
"C. Clear, ""Crystal clear"", Nature, 2005.",https://doi.org/10.1038/4351138b,1.0,Abstract not found
"Roseanne Tesoriero Tvedt, P. Costa, M. Lindvall, ""Evaluating software architectures"", Adv. Comput., 2004.",https://doi.org/10.1016/S0065-2458(03)61001-6,1.0,Extraction successful
"S. Ramakrishan, ""MUSE studio lab and innovative software engineering capstone project experience"", ITiCSE '03, 2003.",https://doi.org/10.1145/961511.961521,1.0,Extraction successful
"R. Kazman, R. Nord, M. Klein, ""A Life-Cycle View of Architecture Analysis and Design Methods"", , 2003.",https://doi.org/10.21236/ada421679,1.0,Abstract not found
"T. Valente, ""Diffusion of innovations"", Genetics in Medicine, 2003.",https://doi.org/10.1097/00125817-200303000-00003,1.0,BIB not found
"A. Drappa, J. Ludewig, ""Simulation in software engineering training"", Proceedings of the 2000 International Conference on Software Engineering. ICSE 2000 the New Millennium, 2000.",https://doi.org/10.1145/337180.337203,1.0,Abstract not found
"N. Lassing, D. Rijsenbrij, H. V. Vliet, ""Towards a broader view on software architecture analysis of flexibility"", Proceedings Sixth Asia Pacific Software Engineering Conference (ASPEC'99) (Cat. No.PR00509), 1999.",https://doi.org/10.1109/APSEC.1999.809608,1.0,Extraction successful
"S. Pfleeger, ""Understanding and improving technology transfer in software engineering"", J. Syst. Softw., 1999.",https://doi.org/10.1016/S0164-1212(99)00031-X,1.0,Extraction successful
"S. Kuhn, ""The Software Design Studio: An Exploration"", IEEE Softw., 1998.",https://doi.org/10.1109/52.663788,1.0,Extraction successful
"Chung-Horng Lung, S. Bot, K. Kalaichelvan, R. Kazman, ""An approach to software architecture analysis for evolution and reusability"", CASCON, 1997.",https://doi.org/10.1145/782010.782025,1.0,BIB not found
"R. Kazman, G. Abowd, L. Bass, P. Clements, ""Scenario-Based Analysis of Software Architecture"", IEEE Softw., 1996.",https://doi.org/10.1109/52.542294,1.0,Extraction successful
"Philippe B Kruchten, ""The 4+1 View Model of Architecture"", IEEE Softw., 1995.",https://doi.org/10.1109/52.469759,1.0,Extraction successful
"N. Dean, M. Hinchey, ""Introducing formal methods through role-playing"", SIGCSE, 1995.",https://doi.org/10.1145/199688.199831,1.0,Extraction successful
"E. Dale, ""Audio-visual methods in teaching"", , 1946.",https://doi.org/10.2307/3184288,1.0,Abstract not found
"John Bergin, J. Eckstein, Mary Lynn Manns, E. Wallingford, ""Patterns for gaining different perspectives"", , 2001.",No doi,1.0,DOI not found
"Kent L. Beck, M. Fowler, ""Planning Extreme Programming"", , 2000.",No doi,1.0,DOI not found
"M. Silberman, ""Active Learning: 101 Strategies To Teach Any Subject."", , 1996.",No doi,1.0,DOI not found
"Chet Meyers, T. B. Jones, ""Promoting Active Learning: Strategies for the College Classroom"", , 1993.",No doi,1.0,DOI not found
